{
  "folder_1_-_Trigonométrie": {
    "x": 1684.8810326012865,
    "y": -711.8025168307292
  },
  "folder_2_-_Logique": {
    "x": 1772.5927756431151,
    "y": -193.75342574578048
  },
  "folder_3_-_Ensembles_et_applications": {
    "x": 2146.625149101096,
    "y": 902.1720281715313
  },
  "cercle_trigo": {
    "x": -218.2303532773558,
    "y": -762.756073584746
  },
  "fonction_cosinus": {
    "x": 115.0946369986375,
    "y": -645.06180679817
  },
  "fonction_sinus": {
    "x": 234.61873667509076,
    "y": -753.4456972630422
  },
  "periodicite": {
    "x": 3587.992418479929,
    "y": -778.5432268632884
  },
  "condition_necessaire": {
    "x": 812.2055155469532,
    "y": -263.0516736537926
  },
  "condition_suffisante": {
    "x": 1052.9142538990654,
    "y": -205.52446315527104
  },
  "contraposee": {
    "x": 1934.0061616902465,
    "y": -124.80521135688079
  },
  "double_inclusion": {
    "x": 2438.383640680722,
    "y": -425.1893264602934
  },
  "et_logique": {
    "x": 843.8292859659215,
    "y": -374.50109554849666
  },
  "parties_ensemble": {
    "x": 2755.1777009022117,
    "y": -343.69358428104033
  },
  "autre_formulation_implication": {
    "x": 925.9551980088747,
    "y": -146.99769116385232
  },
  "implication_logique": {
    "x": 1320.6788944162774,
    "y": -30.85674978644581
  },
  "lois_de_morgan_logique": {
    "x": 1892.522614513551,
    "y": -225.45933310894972
  },
  "non_logique": {
    "x": 1179.4580419641143,
    "y": -323.1631848455901
  },
  "negation_implication": {
    "x": -79.04480199112527,
    "y": -175.71537347337167
  },
  "ou_logique": {
    "x": 2238.284912057608,
    "y": -386.53682648057804
  },
  "proposition": {
    "x": 1453.4995817113677,
    "y": -436.1941627994976
  },
  "propriete_ensemble_vide": {
    "x": 1658.1267541578131,
    "y": -127.55647978605822
  },
  "quantificateur_existentiel": {
    "x": 1585.8401914860835,
    "y": -336.98082854090075
  },
  "quantificateur_universel": {
    "x": 2005.5986007441109,
    "y": -366.7924249391933
  },
  "raisonnement_contraposee": {
    "x": 2242.2467450819113,
    "y": 39.811248586335935
  },
  "raisonnement_double_implication": {
    "x": 1912.5107132791672,
    "y": -6.328581434067175
  },
  "raisonnement_equivalence": {
    "x": 2838.230353277356,
    "y": -211.0662393623546
  },
  "raisonner_contraposee": {
    "x": 2719.182841694664,
    "y": 48.687311307936625
  },
  "raisonner_double_implication": {
    "x": 2419.9032866951634,
    "y": -18.040680310911213
  },
  "raisonner_equivalence": {
    "x": 3624.230353277356,
    "y": -195.95754524051176
  },
  "table_verite": {
    "x": 1750.5666860148744,
    "y": -60.99616120536787
  },
  "equivalence_logique": {
    "x": 2323.7491404691177,
    "y": -194.68101865277052
  },
  "appartenance": {
    "x": 1992.1741235735692,
    "y": 946.6962923818837
  },
  "applications": {
    "x": 1934.7652586628924,
    "y": 685.5508864981716
  },
  "difference_ensembles": {
    "x": 2222.2605433663166,
    "y": 1103.855018065896
  },
  "ensemble_comprehension": {
    "x": 1840.438177371769,
    "y": 1004.2175827637232
  },
  "ensemble_extension": {
    "x": 1730.194196356268,
    "y": 821.2649192124444
  },
  "ensemble_vide": {
    "x": 2082.502462414197,
    "y": 1157.756073584746
  },
  "ensemble": {
    "x": 2203.540851583342,
    "y": 861.4438251451511
  },
  "famille": {
    "x": 2373.0389482187134,
    "y": 646.5879827583166
  },
  "inclusion": {
    "x": 2375.5321764825385,
    "y": 1048.4063607492462
  },
  "egalite_ensembles": {
    "x": 2563.056101845924,
    "y": 998.5947820135705
  }
}