{
  "chapter_1___Trigonom_trie": {
    "x": 2180.9999957084656,
    "y": 4778.499991893768
  },
  "chapter_1___Trigonom_trie_label": {
    "x": 2180.9999957084656,
    "y": 4600.499991893768
  },
  "chapter_2___Logique": {
    "x": 2156.7499957084656,
    "y": 3546.1499945163728
  },
  "chapter_2___Logique_label": {
    "x": 2156.7499957084656,
    "y": 2774.29999666214
  },
  "subchapter_Connecteurs": {
    "x": 786.9999985694885,
    "y": 3585.099995231629
  },
  "subchapter_Connecteurs_label": {
    "x": 786.9999985694885,
    "y": 3314.599995231629
  },
  "subchapter_Implication_et__quivalence": {
    "x": 2917.999994277954,
    "y": 3899.39999332428
  },
  "subchapter_Implication_et__quivalence_label": {
    "x": 2917.999994277954,
    "y": 3492.2999942779543
  },
  "subchapter_Quantificateurs": {
    "x": 1792.99999666214,
    "y": 3063.399996185303
  },
  "subchapter_Quantificateurs_label": {
    "x": 1792.99999666214,
    "y": 2872.79999666214
  },
  "subchapter_Raisonnements": {
    "x": 4110.999991416931,
    "y": 3818.999994277954
  },
  "subchapter_Raisonnements_label": {
    "x": 4110.999991416931,
    "y": 3548.499994277954
  },
  "chapter_3___Ensembles_et_applications": {
    "x": 10956.999975204468,
    "y": 2378.6499997615815
  },
  "chapter_3___Ensembles_et_applications_label": {
    "x": 10956.999975204468,
    "y": 57.30000381469745
  },
  "subchapter_Applications": {
    "x": 11944.999972820282,
    "y": 3681.1999961853026
  },
  "subchapter_Applications_label": {
    "x": 11944.999972820282,
    "y": 2673.8999966621395
  },
  "subchapter_D_nombrement": {
    "x": 13722.99996805191,
    "y": 1043.8000021457674
  },
  "subchapter_D_nombrement_label": {
    "x": 13722.99996805191,
    "y": 155.80000381469745
  },
  "subchapter_G_n_ralit_s": {
    "x": 8240.999982357025,
    "y": 2156.499999523163
  },
  "subchapter_G_n_ralit_s_label": {
    "x": 8241.249982357025,
    "y": 1310.0000019073486
  },
  "subchapter_Op_rations_sur_les_ensembles": {
    "x": 10149.99997806549,
    "y": 1376.900001192093
  },
  "subchapter_Op_rations_sur_les_ensembles_label": {
    "x": 10149.99997806549,
    "y": 445.8000033378603
  },
  "chapter_4___Entiers__sommes__r_currence": {
    "x": 5804.999988079071,
    "y": 1415.9999980926514
  },
  "chapter_4___Entiers__sommes__r_currence_label": {
    "x": 5804.999988079071,
    "y": 30.999998569488525
  },
  "cercle_trigo": {
    "x": 2031.9999961853027,
    "y": 4909.499991893768
  },
  "fonction_cosinus": {
    "x": 2329.9999952316284,
    "y": 4936.499991893768
  },
  "fonction_sinus": {
    "x": 2329.9999952316284,
    "y": 4734.499991893768
  },
  "periodicite": {
    "x": 2031.9999961853027,
    "y": 4707.499991893768
  },
  "et_logique": {
    "x": 617.9999990463257,
    "y": 3825.599995231629
  },
  "lois_de_morgan_logique": {
    "x": 955.9999980926514,
    "y": 3693.0999947547916
  },
  "non_logique": {
    "x": 617.9999990463257,
    "y": 3421.599995231629
  },
  "ou_logique": {
    "x": 617.9999990463257,
    "y": 3623.599995231629
  },
  "condition_necessaire": {
    "x": 2927.999994277954,
    "y": 3855.49999332428
  },
  "condition_suffisante": {
    "x": 2927.999994277954,
    "y": 4276.4999923706055
  },
  "contraposee": {
    "x": 3245.99999332428,
    "y": 3615.499994277954
  },
  "autre_formulation_implication": {
    "x": 2927.999994277954,
    "y": 4057.49999332428
  },
  "implication_logique": {
    "x": 2589.9999952316284,
    "y": 4045.9285647528513
  },
  "negation_implication": {
    "x": 3245.99999332428,
    "y": 4057.49999332428
  },
  "equivalence_logique": {
    "x": 2927.999994277954,
    "y": 3599.2999942779543
  },
  "proposition": {
    "x": 40,
    "y": 2889.5499971389772
  },
  "negation_proposition_quantifiee": {
    "x": 1941.9999961853027,
    "y": 3105.9999961853027
  },
  "quantificateur_existentiel": {
    "x": 1643.999997138977,
    "y": 2979.79999666214
  },
  "quantificateur_universel": {
    "x": 1643.999997138977,
    "y": 3223.9999957084656
  },
  "raisonnement_contraposee": {
    "x": 3969.999991416931,
    "y": 4059.499994277954
  },
  "raisonnement_double_implication": {
    "x": 3969.999991416931,
    "y": 3655.499994277954
  },
  "raisonnement_equivalence": {
    "x": 3969.999991416931,
    "y": 3857.499994277954
  },
  "raisonner_contraposee": {
    "x": 4251.999991416931,
    "y": 4059.499994277954
  },
  "raisonner_double_implication": {
    "x": 4251.999991416931,
    "y": 3655.499994277954
  },
  "raisonner_equivalence": {
    "x": 4251.999991416931,
    "y": 3857.499994277954
  },
  "table_verite": {
    "x": 1575.9999969005585,
    "y": 4065.9285647528513
  },
  "application_identite": {
    "x": 11785.99997329712,
    "y": 3435.49999666214
  },
  "applications": {
    "x": 11407.999974250793,
    "y": 3843.136359344829
  },
  "bijection_et_identite": {
    "x": 12481.99997138977,
    "y": 3566.4999961853027
  },
  "bijectivite": {
    "x": 12163.999972343445,
    "y": 4658.499995708466
  },
  "composition_applications": {
    "x": 11785.99997329712,
    "y": 3850.4999957084656
  },
  "composee_bijections": {
    "x": 12481.99997138977,
    "y": 3915.4999961853027
  },
  "image_directe": {
    "x": 11785.99997329712,
    "y": 2829.49999666214
  },
  "ensemble_image_reciproque": {
    "x": 11785.99997329712,
    "y": 4456.499995708466
  },
  "famille": {
    "x": 11785.99997329712,
    "y": 3648.4999957084656
  },
  "composition_injectivite": {
    "x": 12163.999972343445,
    "y": 4456.499995708466
  },
  "injectivite": {
    "x": 11785.99997329712,
    "y": 4658.499995708466
  },
  "prolongement_application": {
    "x": 11785.99997329712,
    "y": 3233.49999666214
  },
  "proprietes_image_directe": {
    "x": 12163.999972343445,
    "y": 2780.8999966621395
  },
  "restriction_application": {
    "x": 11785.99997329712,
    "y": 4254.499995708466
  },
  "composition_surjectivite": {
    "x": 12163.999972343445,
    "y": 3998.4999957084656
  },
  "surjectivite": {
    "x": 11785.99997329712,
    "y": 4052.4999957084656
  },
  "egalite_applications": {
    "x": 11785.99997329712,
    "y": 3031.49999666214
  },
  "arrangement": {
    "x": 13245.999969482422,
    "y": 1660.8000014305117
  },
  "cardinal_ensemble_partitionne": {
    "x": 13901.999967575073,
    "y": 289.80000381469745
  },
  "cardinal_produit_cartesien": {
    "x": 13603.999968528748,
    "y": 464.80000381469745
  },
  "cardinal_union_disjointe": {
    "x": 13603.999968528748,
    "y": 666.8000038146974
  },
  "cardinal_ensemble_parties": {
    "x": 14199.999966621399,
    "y": 316.80000381469745
  },
  "cardinal_inclusion": {
    "x": 13603.999968528748,
    "y": 885.8000028610231
  },
  "cardinal": {
    "x": 13245.999969482422,
    "y": 1011.000002384186
  },
  "combinaison": {
    "x": 13245.999969482422,
    "y": 1901.8000004768373
  },
  "denombrement_inj_surj_bij": {
    "x": 13603.999968528748,
    "y": 1125.8000019073488
  },
  "formule_crible": {
    "x": 13603.999968528748,
    "y": 1529.8000019073488
  },
  "inclusion_egalite_cardinal": {
    "x": 13603.999968528748,
    "y": 1770.8000009536745
  },
  "partition_ensemble": {
    "x": 13603.999968528748,
    "y": 262.80000381469745
  },
  "principe_tiroirs": {
    "x": 13603.999968528748,
    "y": 1327.8000019073488
  },
  "appartenance": {
    "x": 8031.999982833862,
    "y": 2743.7999980926515
  },
  "double_inclusion": {
    "x": 8767.999980926514,
    "y": 2317.9999990463257
  },
  "parties_ensemble": {
    "x": 8767.999980926514,
    "y": 1657.0000009536743
  },
  "ensemble_comprehension": {
    "x": 8031.999982833862,
    "y": 2972.999997138977
  },
  "ensemble_extension": {
    "x": 8031.999982833862,
    "y": 2541.7999980926515
  },
  "ensemble_vide": {
    "x": 8369.999981880188,
    "y": 2732.9999980926514
  },
  "ensemble": {
    "x": 7713.999983787537,
    "y": 2846.7999976158144
  },
  "inclusion": {
    "x": 8369.999981880188,
    "y": 1876
  },
  "complementaire_inclusion": {
    "x": 8767.999980926514,